TABLE_CATALOG,TABLE_SCHEMA,TABLE_NAME,COLUMN_NAME,CONSTRAINT_CATALOG,CONSTRAINT_SCHEMA,CONSTRAINT_NAME
FSP_V3_Production,AzureSync,AzureSyncTablesForCore,_RowNumber,FSP_V3_Production,AzureSync,PK_AzureSyncTablesForCore
FSP_V3_Production,AzureSync,PreviousCoreChangeTrackingVersion,Id,FSP_V3_Production,AzureSync,PK_PreviousCoreChangeTrackingVersion
FSP_V3_Production,AzureSync,SyncRuns,_RowNumber,FSP_V3_Production,AzureSync,PK_SyncRuns
FSP_V3_Production,dbo,FlightAlerts,ReservationId,FSP_V3_Production,dbo,FK_FlightAlerts_tblReservation
FSP_V3_Production,dbo,Labels,LabelCategoryId,FSP_V3_Production,dbo,FK_Labels_LabelCategories
FSP_V3_Production,dbo,LabelToRoleJoiner,LabelId,FSP_V3_Production,dbo,FK_LabelToRoleJoiner_Labels
FSP_V3_Production,dbo,LabelToRoleJoiner,RoleId,FSP_V3_Production,dbo,FK_LabelToRoleJoiner_TblUsers
FSP_V3_Production,dbo,LabelToUserJoiner,LabelId,FSP_V3_Production,dbo,FK_LabelToUserJoiner_Labels
FSP_V3_Production,dbo,LabelToUserJoiner,UserGuid,FSP_V3_Production,dbo,FK_LabelToUserJoiner_TblUsers
FSP_V3_Production,dbo,LocationToIcaoLocationsJoiner,LocationId,FSP_V3_Production,dbo,FK_LocationToIcaoLocationsJoiner_tblLocations
FSP_V3_Production,dbo,LogTenUserOperatorJoiner,UserId,FSP_V3_Production,dbo,FK_LogTenUserOperatorJoiner_GlobalUserSettings
FSP_V3_Production,dbo,OperatorAgreements,AcceptedByUserGuid,FSP_V3_Production,dbo,FK_OperatorAgreements_tblUser
FSP_V3_Production,dbo,ReservationBatchReservations,ReservationBatchId,FSP_V3_Production,dbo,FK_ReservationBatches_ReservationBatchReservations
FSP_V3_Production,dbo,ReservationTrainingSessions,ReservationId,FSP_V3_Production,dbo,FK_ReservationTrainingSessions_tblReservation
FSP_V3_Production,dbo,ReservationTypeToPreflightAuthorizingUsersJoiner,ReservationTypeId,FSP_V3_Production,dbo,FK_ReservationTypeToPreflightAuthorizingUsersJoiner_tblReservationTypes
FSP_V3_Production,dbo,SalesTransactionLineItems,PackageInstanceGuid,FSP_V3_Production,dbo,FK_SalesTransactionLineItems_PackageInstanceGuid
FSP_V3_Production,dbo,SalesTransactionLineItems,PackageItemGuid,FSP_V3_Production,dbo,FK_SalesTransactionLineItems_PackageItemGuid
FSP_V3_Production,dbo,SalesTransactionLineItems,OperatorId,FSP_V3_Production,dbo,FK_SalesTransactionLineItems_SalesTransactions
FSP_V3_Production,dbo,SalesTransactionLineItems,SalesTransactionId,FSP_V3_Production,dbo,FK_SalesTransactionLineItems_SalesTransactions
FSP_V3_Production,dbo,SalesTransactionPayments,MerchantAccountId,FSP_V3_Production,dbo,FK_SalesTransactionPayments_MerchantAccounts
FSP_V3_Production,dbo,SalesTransactionPayments,PaymentTokenId,FSP_V3_Production,dbo,FK_SalesTransactionPayments_PaymentTokenId
FSP_V3_Production,dbo,SalesTransactionPayments,OperatorId,FSP_V3_Production,dbo,FK_SalesTransactionPayments_SalesTransactions
FSP_V3_Production,dbo,SalesTransactionPayments,SalesTransactionId,FSP_V3_Production,dbo,FK_SalesTransactionPayments_SalesTransactions
FSP_V3_Production,dbo,SalesTransactionPayments,StudentFinancingLoanId,FSP_V3_Production,dbo,FK_SalesTransactionPayments_StudentFinancingLoanId
FSP_V3_Production,dbo,SalesTransactionTrainingSessions,OperatorId,FSP_V3_Production,dbo,FK_SalesTransactionTrainingSessions_SalesTransactions
FSP_V3_Production,dbo,SalesTransactionTrainingSessions,SalesTransactionId,FSP_V3_Production,dbo,FK_SalesTransactionTrainingSessions_SalesTransactions
FSP_V3_Production,dbo,ScheduleMatchUserPreferencesToAircraftJoiner,PreferenceId,FSP_V3_Production,dbo,FK_ScheduleMatchUserPreferencesToAircraftJoiner_ScheduleMatchUserPreferences
FSP_V3_Production,dbo,ScheduleMatchUserPreferencesToAircraftJoiner,AircraftId,FSP_V3_Production,dbo,FK_ScheduleMatchUserPreferencesToAircraftJoiner_TblAircraft
FSP_V3_Production,dbo,ScheduleMatchUserPreferencesToFlightInstructorJoiner,PreferenceId,FSP_V3_Production,dbo,FK_ScheduleMatchUserPreferencesToFlightInstructorJoiner_ScheduleMatchUserPreferences
FSP_V3_Production,dbo,ScheduleMatchUserPreferencesToFlightInstructorJoiner,InstructorId,FSP_V3_Production,dbo,FK_ScheduleMatchUserPreferencesToFlightInstructorJoiner_tblFlightInstructor
FSP_V3_Production,dbo,ScheduleMatchUserPreferencesToSchedulingGroupsJoiner,PreferenceId,FSP_V3_Production,dbo,FK_ScheduleMatchUserPreferencesToSchedulingGroupsJoiner_ScheduleMatchUserPreferences
FSP_V3_Production,dbo,ScheduleMatchUserPreferencesToSchedulingGroupsJoiner,OperatorId,FSP_V3_Production,dbo,FK_ScheduleMatchUserPreferencesToSchedulingGroupsJoiner_SchedulingGroups
FSP_V3_Production,dbo,ScheduleMatchUserPreferencesToSchedulingGroupsJoiner,SchedulingGroupId,FSP_V3_Production,dbo,FK_ScheduleMatchUserPreferencesToSchedulingGroupsJoiner_SchedulingGroups
FSP_V3_Production,dbo,tblAddressParts,AddressId,FSP_V3_Production,dbo,FK_tblAddressParts_tblAddress
FSP_V3_Production,dbo,tblCompanyAddressJoiner,AddressId,FSP_V3_Production,dbo,FK_tblCompanyAddressJoiner_tblAddress
FSP_V3_Production,dbo,tblCompanyGalleryImages,GalleryId,FSP_V3_Production,dbo,FK_tblCompanyGalleryImages_tblCompanyGalleries
FSP_V3_Production,dbo,tblCompanyPlugInModuleJoiner,PlugInModuleId,FSP_V3_Production,dbo,FK_tblCompanyModuleJoiner_tblModule
FSP_V3_Production,dbo,tblDispatchPilots,DispatchId,FSP_V3_Production,dbo,FK_tblDispatchPilots_tblDispatchRecords
FSP_V3_Production,dbo,tblDispatchResources,DispatchId,FSP_V3_Production,dbo,FK_tblDispatchResources_tblDispatchRecords
FSP_V3_Production,dbo,tblEnginePropellerJoiner,EngineId,FSP_V3_Production,dbo,FK_tblEnginePropellerJoiner_tblEngine
FSP_V3_Production,dbo,tblFlightRecordResources,FlightRecordId,FSP_V3_Production,dbo,FK_tblFlightRecord_tblFlightRecordResources
FSP_V3_Production,dbo,tblMeterRecords,FlightRecordId,FSP_V3_Production,dbo,FK_tblFlightRecord_tblMeterRecords
FSP_V3_Production,dbo,tblStandardFlightRecord,FlightRecordId,FSP_V3_Production,dbo,FK_tblFlightRecord_tblStandardFlightRecord
FSP_V3_Production,dbo,tblLocationToCompanyJoiner,LocationId,FSP_V3_Production,dbo,FK_tblLocationToCompanyJoiner_tblLocations
FSP_V3_Production,dbo,tblLocationToPersonJoiner,LocationId,FSP_V3_Production,dbo,FK_tblLocationToPersonJoiner_tblLocations
FSP_V3_Production,dbo,tblPersonAddressJoiner,AddressId,FSP_V3_Production,dbo,FK_tblPersonAddressJoiner_tblAddress
FSP_V3_Production,dbo,tblPersonToContactNumberJoiner,ContactNumberId,FSP_V3_Production,dbo,FK_tblPersonToContactNumberJoiner_tblContactNumbers
FSP_V3_Production,dbo,tblPostItemRoleIds,PostItemId,FSP_V3_Production,dbo,FK_tblPostItemRoleIds_tblPostItems
FSP_V3_Production,dbo,tblRemovedReservationFlightDetails,ReservationId,FSP_V3_Production,dbo,FK_tblRemovedReservationFlightDetails_tblRemovedReservation
FSP_V3_Production,dbo,tblRemovedReservationPilots,ReservationId,FSP_V3_Production,dbo,FK_tblRemovedReservationPilots_tblRemovedReservation
FSP_V3_Production,dbo,tblRemovedReservationResources,ReservationId,FSP_V3_Production,dbo,FK_tblRemovedReservationResources_tblRemovedReservation
FSP_V3_Production,dbo,tblReservationFlightDetails,ReservationId,FSP_V3_Production,dbo,FK_tblReservationFlightDetails_tblReservation
FSP_V3_Production,dbo,tblReservationNotifications,ReservationId,FSP_V3_Production,dbo,FK_tblReservationNotifications_tblReservation
FSP_V3_Production,dbo,tblReservationPilots,ReservationId,FSP_V3_Production,dbo,FK_tblReservationPilots_tblReservation
FSP_V3_Production,dbo,tblReservationResources,ReservationId,FSP_V3_Production,dbo,FK_tblReservationResources_tblReservation
FSP_V3_Production,dbo,tblRolePermissionJoiner,RoleId,FSP_V3_Production,dbo,FK_tblRolePermissionJoiner_tblRole
FSP_V3_Production,dbo,tblUserRoleJoiner,RoleId,FSP_V3_Production,dbo,FK_tblUserRoleJoiner_tblRole
FSP_V3_Production,dbo,WebhookExecutions,WebhookConfigurationId,FSP_V3_Production,dbo,FK_WebhookExecutions_WebhookConfigurations
FSP_V3_Production,dbo,WorkItemsToMaintenanceReminderTemplatesJoiner,WorkItemId,FSP_V3_Production,dbo,FK_WorkItemsToMaintenanceReminderTemplatesJoiner_WorkItems
FSP_V3_Production,dbo,ChargifyCurriculumSubscriptions,OperatorId,FSP_V3_Production,dbo,IX_ChargifyCurriculumSubscriptions
FSP_V3_Production,dbo,tblInvoicingInvoice,CompanyId,FSP_V3_Production,dbo,IX_tblInvoicingInvoice_InvoiceNumber
FSP_V3_Production,dbo,tblInvoicingInvoice,InvoiceNumber,FSP_V3_Production,dbo,IX_tblInvoicingInvoice_InvoiceNumber
FSP_V3_Production,dbo,tblRole,CompanyId,FSP_V3_Production,dbo,IX_tblRole
FSP_V3_Production,dbo,tblRole,RoleName,FSP_V3_Production,dbo,IX_tblRole
FSP_V3_Production,dbo,tblStaffPilotLocationJoiner,CompanyId,FSP_V3_Production,dbo,IX_tblStaffPilotLocationJoiner
FSP_V3_Production,dbo,tblStaffPilotLocationJoiner,LocationId,FSP_V3_Production,dbo,IX_tblStaffPilotLocationJoiner
FSP_V3_Production,dbo,tblStaffPilotLocationJoiner,UserGUIDid,FSP_V3_Production,dbo,IX_tblStaffPilotLocationJoiner
FSP_V3_Production,dbo,tblUserDataStore,DataStoreId,FSP_V3_Production,dbo,IX_tblUserDataStore
FSP_V3_Production,dbo,tblUserDataStore,UserName,FSP_V3_Production,dbo,IX_tblUserDataStore
FSP_V3_Production,dbo,tblUserSchedule,CompanyId,FSP_V3_Production,dbo,IX_tblUserSchedule
FSP_V3_Production,dbo,tblUserSchedule,DayOfWeek,FSP_V3_Production,dbo,IX_tblUserSchedule
FSP_V3_Production,dbo,tblUserSchedule,ShiftStart,FSP_V3_Production,dbo,IX_tblUserSchedule
FSP_V3_Production,dbo,tblUserSchedule,UserGuidId,FSP_V3_Production,dbo,IX_tblUserSchedule
FSP_V3_Production,dbo,OperatorSchoolTypes,_RowNumber,FSP_V3_Production,dbo,PK_[OperatorSchoolTypes
FSP_V3_Production,dbo,MaintenanceReservationEvents,_RowId,FSP_V3_Production,dbo,PK__Maintena__94D7B0A472FE3F62
FSP_V3_Production,dbo,MeterRecordSegments,_RowId,FSP_V3_Production,dbo,PK__MeterRec__94D7B0A4B23CE40E
FSP_V3_Production,dbo,PasswordResetRequests,Id,FSP_V3_Production,dbo,PK__Password__3214EC073939548A
FSP_V3_Production,dbo,PeopleEvents_Temporary,_RowId,FSP_V3_Production,dbo,PK__PeopleEv__94D7B0A45EC175A2
FSP_V3_Production,dbo,Sessions,Id,FSP_V3_Production,dbo,PK__Sessions__3214EC073568C3A6
FSP_V3_Production,dbo,Tasks,TaskID,FSP_V3_Production,dbo,PK__Tasks__7C6949D173F19CB2
FSP_V3_Production,dbo,FlightAlerts,FlightAlertId,FSP_V3_Production,dbo,PK__tmp_ms_x__F4A565FE33170374
FSP_V3_Production,dbo,AgreementPolicy,RowId,FSP_V3_Production,dbo,PK__tmp_ms_x__FFEE7431AC3A0309
FSP_V3_Production,dbo,AccountingSyncBatches,_RowNumber,FSP_V3_Production,dbo,PK_AccountingSyncBatches
FSP_V3_Production,dbo,AccountingSyncBatchTransactions,_RowNumber,FSP_V3_Production,dbo,PK_AccountingSyncBatchTransactions
FSP_V3_Production,dbo,AircraftImages,_RowId,FSP_V3_Production,dbo,PK_AircraftImages
FSP_V3_Production,dbo,AircraftMaintenanceCalcSettings,AircraftMaintenanceCalcSettingsId,FSP_V3_Production,dbo,PK_AircraftMaintenanceCalcSettingsId
FSP_V3_Production,dbo,AircraftOwners,_RowNumber,FSP_V3_Production,dbo,PK_AircraftOwners
FSP_V3_Production,dbo,AircraftRateTypes,_RowNumber,FSP_V3_Production,dbo,PK_AircraftRateTypes
FSP_V3_Production,dbo,AircraftTypeCheckOutsHistory,_RowId,FSP_V3_Production,dbo,PK_AircraftTypeCheckOutsHistory
FSP_V3_Production,dbo,Analytics,_RowNumber,FSP_V3_Production,dbo,PK_Analytics
FSP_V3_Production,dbo,ApiAccessKeys,_RowId,FSP_V3_Production,dbo,PK_ApiAccessKeys
FSP_V3_Production,dbo,APIKeys,id,FSP_V3_Production,dbo,PK_APIKeys
FSP_V3_Production,dbo,AppsLastRun,_RowNumber,FSP_V3_Production,dbo,PK_AppsLastRun
FSP_V3_Production,dbo,AsyncTasks,_RowNumber,FSP_V3_Production,dbo,PK_AsyncTasks
FSP_V3_Production,dbo,Attachments,AttachmentId,FSP_V3_Production,dbo,PK_Attachments
FSP_V3_Production,dbo,AuditHistoryEvents,EventId,FSP_V3_Production,dbo,PK_AuditHistoryEvents
FSP_V3_Production,dbo,AutoSchedulingSettings,AutoSchedulingSettingsId,FSP_V3_Production,dbo,PK_AutoSchedulingSettings
FSP_V3_Production,dbo,AviationBookletTC,_RowId,FSP_V3_Production,dbo,PK_AviationBookletTC
FSP_V3_Production,dbo,Azure_Upsert_Tables,_RowNumber,FSP_V3_Production,dbo,PK_Azure_Upsert_Tables
FSP_V3_Production,dbo,ChargifyBillingSubscriptions,_RowNumber,FSP_V3_Production,dbo,PK_ChargifyBillingSubscriptions
FSP_V3_Production,dbo,ChargifyCurriculumProducts,_RowNumber,FSP_V3_Production,dbo,PK_ChargifyCurriculumProducts
FSP_V3_Production,dbo,ChargifyCurriculumSubscriptions,_RowNumber,FSP_V3_Production,dbo,PK_ChargifyCurriculumSubscriptions
FSP_V3_Production,dbo,ChargifyExternalTrainingContentSubscriptions,_RowNumber,FSP_V3_Production,dbo,PK_ChargifyExternalTrainingContentSubscriptions
FSP_V3_Production,dbo,ChargifyMxHubSubscriptions,_RowNumber,FSP_V3_Production,dbo,PK_ChargifyMxHubSubscriptions
FSP_V3_Production,dbo,ChargifySettings,_RowNumber,FSP_V3_Production,dbo,PK_ChargifySettings
FSP_V3_Production,dbo,ChargifySubscriptions,_RowNumber,FSP_V3_Production,dbo,PK_ChargifySubscriptions
FSP_V3_Production,dbo,ChargifySubscriptionsDeleted,_RowNumber,FSP_V3_Production,dbo,PK_ChargifySubscriptionsDeleted
FSP_V3_Production,dbo,ChargifySubscriptionSeeds,SubscriptionId,FSP_V3_Production,dbo,PK_ChargifySuiteSubscriptions
FSP_V3_Production,dbo,Closings,_RowNumber,FSP_V3_Production,dbo,PK_Closings
FSP_V3_Production,dbo,OperatorSettings,_RowNumber,FSP_V3_Production,dbo,PK_CompanySettings
FSP_V3_Production,dbo,ConfirmationTokens,Id,FSP_V3_Production,dbo,PK_ConfirmationTokens
FSP_V3_Production,dbo,ConsolidatedReservations,ReservationId,FSP_V3_Production,dbo,PK_ConsolidatedReservations
FSP_V3_Production,dbo,ConsolidatedReservations,ResourceId,FSP_V3_Production,dbo,PK_ConsolidatedReservations
FSP_V3_Production,dbo,tblCountries,Id,FSP_V3_Production,dbo,PK_Countries
FSP_V3_Production,dbo,CourseNames,_RowNumber,FSP_V3_Production,dbo,PK_CourseNames
FSP_V3_Production,dbo,CustomCancellationReasons,id,FSP_V3_Production,dbo,PK_CustomCancellationReasons
FSP_V3_Production,dbo,CustomerAccounts,_RowNumber,FSP_V3_Production,dbo,PK_CustomerAccounts
FSP_V3_Production,dbo,CustomProfileDocumentation,_RowId,FSP_V3_Production,dbo,PK_CustomProfileDocumentation
FSP_V3_Production,dbo,CustomSquawkResolutions,id,FSP_V3_Production,dbo,PK_CustomSquawkResolutions
FSP_V3_Production,dbo,Debriefs,DebriefId,FSP_V3_Production,dbo,PK_Debriefs
FSP_V3_Production,dbo,DiscountGroupPeopleGroupJoiner,DiscountGroupId,FSP_V3_Production,dbo,PK_DiscountGroupPeopleGroupJoiner
FSP_V3_Production,dbo,DiscountGroupPeopleGroupJoiner,OperatorId,FSP_V3_Production,dbo,PK_DiscountGroupPeopleGroupJoiner
FSP_V3_Production,dbo,DiscountGroupPeopleGroupJoiner,PeopleGroupId,FSP_V3_Production,dbo,PK_DiscountGroupPeopleGroupJoiner
FSP_V3_Production,dbo,DiscountGroupRoleJoiner,DiscountGroupId,FSP_V3_Production,dbo,PK_DiscountGroupRoleJoiner
FSP_V3_Production,dbo,DiscountGroupRoleJoiner,OperatorId,FSP_V3_Production,dbo,PK_DiscountGroupRoleJoiner
FSP_V3_Production,dbo,DiscountGroupRoleJoiner,RoleId,FSP_V3_Production,dbo,PK_DiscountGroupRoleJoiner
FSP_V3_Production,dbo,DiscountGroup,_RowNumber,FSP_V3_Production,dbo,PK_DiscountGroups
FSP_V3_Production,dbo,DiscountGroupUserJoiner,DiscountGroupId,FSP_V3_Production,dbo,PK_DiscountGroupUserJoiner
FSP_V3_Production,dbo,DiscountGroupUserJoiner,OperatorId,FSP_V3_Production,dbo,PK_DiscountGroupUserJoiner
FSP_V3_Production,dbo,DiscountGroupUserJoiner,UserId,FSP_V3_Production,dbo,PK_DiscountGroupUserJoiner
FSP_V3_Production,dbo,DocumentUploadBackups,_RowNumber,FSP_V3_Production,dbo,PK_DocumentUploadBackups
FSP_V3_Production,dbo,DocumentUploads,_RowNumber,FSP_V3_Production,dbo,PK_DocumentUploads
FSP_V3_Production,dbo,dtproperties,id,FSP_V3_Production,dbo,pk_dtproperties
FSP_V3_Production,dbo,dtproperties,property,FSP_V3_Production,dbo,pk_dtproperties
FSP_V3_Production,dbo,Endorsements,_RowId,FSP_V3_Production,dbo,PK_Endorsements
FSP_V3_Production,dbo,EndorsementsHistory,_RowId,FSP_V3_Production,dbo,PK_EndorsementsHistory
FSP_V3_Production,dbo,EnrollmentsLog,_RowNumber,FSP_V3_Production,dbo,PK_EnrollmentsLog
FSP_V3_Production,dbo,EventStoreEvents,_RowId,FSP_V3_Production,dbo,PK_EventStoreEvents
FSP_V3_Production,dbo,FavoriteAircraft,AircraftId,FSP_V3_Production,dbo,PK_FavoriteAircraft
FSP_V3_Production,dbo,FavoriteAircraft,GlobalUserId,FSP_V3_Production,dbo,PK_FavoriteAircraft
FSP_V3_Production,dbo,FileImports,FileImportId,FSP_V3_Production,dbo,PK_FileImports
FSP_V3_Production,dbo,FlightInstructorCertificate,_RowId,FSP_V3_Production,dbo,PK_FlightInstructorCertificate
FSP_V3_Production,dbo,GlobalUsers,Id,FSP_V3_Production,dbo,PK_GlobalUsers
FSP_V3_Production,dbo,GlobalUserSettings,Id,FSP_V3_Production,dbo,PK_GlobalUserSettings
FSP_V3_Production,dbo,HubSpotContactOperators,ContactId,FSP_V3_Production,dbo,PK_HubSpotContactOperators
FSP_V3_Production,dbo,HubSpotContactOperators,OperatorId,FSP_V3_Production,dbo,PK_HubSpotContactOperators
FSP_V3_Production,dbo,HubSpotContacts,_RowNumber,FSP_V3_Production,dbo,PK_HubSpotContacts
FSP_V3_Production,dbo,HubSpotLogs,_RowNumber,FSP_V3_Production,dbo,PK_HubSpotLogs
FSP_V3_Production,dbo,HubSpotSettings,_RowId,FSP_V3_Production,dbo,PK_HubSpotSettings
FSP_V3_Production,dbo,HubSpotSyncedUserTokens,HubSpotUserToken,FSP_V3_Production,dbo,PK_HubspotSyncedUserTokens
FSP_V3_Production,dbo,IdempotencyTracker,OperationId,FSP_V3_Production,dbo,PK_IdempotencyTracker
FSP_V3_Production,dbo,InstructionTypes,InstructionTypeId,FSP_V3_Production,dbo,PK_InstructionTypes
FSP_V3_Production,dbo,InviteTokens,Id,FSP_V3_Production,dbo,PK_InviteTokens
FSP_V3_Production,dbo,InvoiceLocationPreferences,_RowNumber,FSP_V3_Production,dbo,PK_InvoiceLocationPreferences
FSP_V3_Production,dbo,InvoicingAccount,InvoicingAccountId,FSP_V3_Production,dbo,PK_InvoicingAccount
FSP_V3_Production,dbo,InvoicingAccountPayments,_RowId,FSP_V3_Production,dbo,PK_InvoicingAccountPayments
FSP_V3_Production,dbo,JobRunsScheduled,_RowNumber,FSP_V3_Production,dbo,PK_JobRunsScheduled
FSP_V3_Production,dbo,LabelCategories,LabelCategoryId,FSP_V3_Production,dbo,PK_LabelCategories
FSP_V3_Production,dbo,Labels,LabelId,FSP_V3_Production,dbo,PK_Labels
FSP_V3_Production,dbo,LabelToRoleJoiner,LabelId,FSP_V3_Production,dbo,PK_LabelToRoleJoiner
FSP_V3_Production,dbo,LabelToRoleJoiner,OperatorId,FSP_V3_Production,dbo,PK_LabelToRoleJoiner
FSP_V3_Production,dbo,LabelToRoleJoiner,RoleId,FSP_V3_Production,dbo,PK_LabelToRoleJoiner
FSP_V3_Production,dbo,LabelToUserJoiner,LabelId,FSP_V3_Production,dbo,PK_LabelToUserJoiner
FSP_V3_Production,dbo,LabelToUserJoiner,OperatorId,FSP_V3_Production,dbo,PK_LabelToUserJoiner
FSP_V3_Production,dbo,LabelToUserJoiner,UserGuid,FSP_V3_Production,dbo,PK_LabelToUserJoiner
FSP_V3_Production,dbo,LastFlightDates,_RowNumber,FSP_V3_Production,dbo,PK_LastFlightDate
FSP_V3_Production,dbo,LastFlightDatesByMakeModel,_RowNumber,FSP_V3_Production,dbo,PK_LastFlightDateByMakeModel
FSP_V3_Production,dbo,LastFlightDatesLog,_RowNumber,FSP_V3_Production,dbo,PK_LastFlightDateLog
FSP_V3_Production,dbo,LastFlightDatesHistory,_RowNumber,FSP_V3_Production,dbo,PK_LastFlightDatesHistory
FSP_V3_Production,dbo,LendingSubmissions,LendingSubmissionId,FSP_V3_Production,dbo,PK_LendingSubmissions
FSP_V3_Production,dbo,LessonNames,_RowNumber,FSP_V3_Production,dbo,PK_LessonNames
FSP_V3_Production,dbo,LocationToIcaoLocationsJoiner,IcaoLocationJoinerId,FSP_V3_Production,dbo,PK_LocationToIcaoLocationsJoiner
FSP_V3_Production,dbo,LogTenSyncStatus,FlightRecordId,FSP_V3_Production,dbo,PK_LogTenSyncStatus
FSP_V3_Production,dbo,LogTenSyncStatus,GlobalUserId,FSP_V3_Production,dbo,PK_LogTenSyncStatus
FSP_V3_Production,dbo,MaintenanceReminderCalculationJobs_old,_RowId,FSP_V3_Production,dbo,PK_MaintenanceReminderCalculationJobs
FSP_V3_Production,dbo,MaintenanceReminderCalculationJobs,_RowId,FSP_V3_Production,dbo,PK_MaintenanceReminderCalculationJobs2
FSP_V3_Production,dbo,MaintenanceReminderResolutions,_RowId,FSP_V3_Production,dbo,PK_MaintenanceReminderResolutions
FSP_V3_Production,dbo,MaintenanceReminders,_RowId,FSP_V3_Production,dbo,PK_MaintenanceReminders
FSP_V3_Production,dbo,MaintenanceReminderTemplates,_RowId,FSP_V3_Production,dbo,PK_MaintenanceReminderTemplates
FSP_V3_Production,dbo,MassEmailAttachments,_rowId,FSP_V3_Production,dbo,PK_MassEmailAttachments
FSP_V3_Production,dbo,MassEmailPeopleGroupIds,_RowId,FSP_V3_Production,dbo,PK_MassEmailPeopleGroupIds
FSP_V3_Production,dbo,MassEmailRoleIds,_RowId,FSP_V3_Production,dbo,PK_MassEmailRoleIds
FSP_V3_Production,dbo,MassEmails,_rowId,FSP_V3_Production,dbo,PK_MassEmails
FSP_V3_Production,dbo,MassEmailUserIds,_RowId,FSP_V3_Production,dbo,PK_MassEmailUserIds
FSP_V3_Production,dbo,MechanicCertificate,_RowId,FSP_V3_Production,dbo,PK_MechanicCertificate
FSP_V3_Production,dbo,MeetingRooms,_RowNumber,FSP_V3_Production,dbo,PK_MeetingRooms
FSP_V3_Production,dbo,MembershipSettings,_RowNumber,FSP_V3_Production,dbo,PK_MembershipSettings
FSP_V3_Production,dbo,MembershipSubscriptions,_RowNumber,FSP_V3_Production,dbo,PK_MembershipSubscriptions
FSP_V3_Production,dbo,MembershipSubscriptionsHistory,_RowNumber,FSP_V3_Production,dbo,PK_MembershipSubscriptionsHistory
FSP_V3_Production,dbo,OperatorAgreementHistory,OperatorAgreementHistoryId,FSP_V3_Production,dbo,PK_OperatorAgreementHistory
FSP_V3_Production,dbo,OperatorAgreements,OperatorAgreementId,FSP_V3_Production,dbo,PK_OperatorAgreements
FSP_V3_Production,dbo,OperatorServices,_RowNumber,FSP_V3_Production,dbo,PK_OperatorServices
FSP_V3_Production,dbo,OperatorSyllabusProviders,_RowNumber,FSP_V3_Production,dbo,PK_OperatorSyllabusProviders
FSP_V3_Production,dbo,PdfPreviews,_RowNumber,FSP_V3_Production,dbo,PK_PdfPreviews
FSP_V3_Production,dbo,PeopleGroupActivityTypes,_RowNumber,FSP_V3_Production,dbo,PK_PeopleGroupActivityTypes
FSP_V3_Production,dbo,PeopleGroups,_RowNumber,FSP_V3_Production,dbo,PK_PeopleGroups
FSP_V3_Production,dbo,PersonNotes,PersonNoteId,FSP_V3_Production,dbo,PK_PersonNotes
FSP_V3_Production,dbo,PhotoIds,_RowId,FSP_V3_Production,dbo,PK_PhotoIds
FSP_V3_Production,dbo,PilotLicensePermitTC,_RowId,FSP_V3_Production,dbo,PK_PilotLicensePermitTC
FSP_V3_Production,dbo,PilotMedicalCertificate,PilotId,FSP_V3_Production,dbo,PK_PilotMedicalCertificate
FSP_V3_Production,dbo,PilotMedicalCertificateTC,_RowId,FSP_V3_Production,dbo,PK_PilotMedicalCertificateTC
FSP_V3_Production,dbo,ProfileDocumentation,_RowId,FSP_V3_Production,dbo,PK_ProfileDocumentation
FSP_V3_Production,dbo,ProfileDocumentationExpiration,_RowId,FSP_V3_Production,dbo,PK_ProfileDocumentationExpiration
FSP_V3_Production,dbo,PromoBanners,BannerId,FSP_V3_Production,dbo,PK_PromoBanners
FSP_V3_Production,dbo,PromoBannersClosed,_RowNumber,FSP_V3_Production,dbo,PK_PromoBannersClosed
FSP_V3_Production,dbo,ProPayAccounts,_RowNumber,FSP_V3_Production,dbo,PK_ProPayAccounts
FSP_V3_Production,dbo,ProPayApiRequestLogs,_rowNumber,FSP_V3_Production,dbo,PK_ProPayApiRequestLogs
FSP_V3_Production,dbo,ProPayHppIds,_RowNumber,FSP_V3_Production,dbo,PK_ProPayHppIds
FSP_V3_Production,dbo,ProPayPaymentMethods,_RowNumber,FSP_V3_Production,dbo,PK_ProPayPaymentMethods
FSP_V3_Production,dbo,ProPaySettings,_RowNumber,FSP_V3_Production,dbo,PK_ProPaySettings
FSP_V3_Production,dbo,QBDAccounts,_RowNumber,FSP_V3_Production,dbo,PK_QBDAccounts
FSP_V3_Production,dbo,QBDCustomers,_RowNumber,FSP_V3_Production,dbo,PK_QBDCustomers
FSP_V3_Production,dbo,QBDPaymentMethods,_RowNumber,FSP_V3_Production,dbo,PK_QBDPaymentMethods
FSP_V3_Production,dbo,QBDProducts,_RowNumber,FSP_V3_Production,dbo,PK_QBDProducts
FSP_V3_Production,dbo,QBDSalesTaxes,_RowNumber,FSP_V3_Production,dbo,PK_QBDSalesTaxes
FSP_V3_Production,dbo,QBDTaxReferences,_RowNumber,FSP_V3_Production,dbo,PK_QBDTaxReferences
FSP_V3_Production,dbo,QuickFilters,RowId,FSP_V3_Production,dbo,PK_QuickFilters
FSP_V3_Production,dbo,ReadinessBriefing,ReadinessBriefingId,FSP_V3_Production,dbo,PK_ReadinessBriefing
FSP_V3_Production,dbo,RemovedReservationTrainingSessions,_RowNumber,FSP_V3_Production,dbo,PK_RemovedReservationTrainingSessions
FSP_V3_Production,dbo,ReservationBatches,ReservationBatchId,FSP_V3_Production,dbo,PK_ReservationBatches
FSP_V3_Production,dbo,ReservationBatchReservations,ReservationBatchReservationId,FSP_V3_Production,dbo,PK_ReservationBatchReservations
FSP_V3_Production,dbo,ReservationInvoices,_RowNumber,FSP_V3_Production,dbo,PK_ReservationInvoices
FSP_V3_Production,dbo,ReservationSkylinkedFlightJoiner,CompanyId,FSP_V3_Production,dbo,PK_ReservationSkylinkedFlightJoiner
FSP_V3_Production,dbo,ReservationSkylinkedFlightJoiner,ReservationId,FSP_V3_Production,dbo,PK_ReservationSkylinkedFlightJoiner
FSP_V3_Production,dbo,ReservationSkylinkedFlightJoiner,UserId,FSP_V3_Production,dbo,PK_ReservationSkylinkedFlightJoiner
FSP_V3_Production,dbo,ReservationTrainingSessions,_RowNumber,FSP_V3_Production,dbo,PK_ReservationTrainingSessions
FSP_V3_Production,dbo,ReservationTypeCustomProfileDocumentationChecks,_RowId,FSP_V3_Production,dbo,PK_ReservationTypeCustomProfileDocumentationChecks
FSP_V3_Production,dbo,ReservationTypeInstructionTypes,_RowNumber,FSP_V3_Production,dbo,PK_ReservationTypeInstructionTypes
FSP_V3_Production,dbo,ReservationTypePilotCurrencyReminderChecks,_RowId,FSP_V3_Production,dbo,PK_ReservationTypePilotCurrencyReminderChecks
FSP_V3_Production,dbo,ReservationTypeProfileDocumentationChecks,_RowId,FSP_V3_Production,dbo,PK_ReservationTypeProfileDocumentationChecks
FSP_V3_Production,dbo,ReservationTypeRoleJoiner,_RowId,FSP_V3_Production,dbo,PK_ReservationTypeRoleJoiner
FSP_V3_Production,dbo,ReservationTypeToPreflightAuthorizingUsersJoiner,OperatorId,FSP_V3_Production,dbo,PK_ReservationTypeToPreflightAuthorizingUsersJoiner
FSP_V3_Production,dbo,ReservationTypeToPreflightAuthorizingUsersJoiner,ReservationTypeId,FSP_V3_Production,dbo,PK_ReservationTypeToPreflightAuthorizingUsersJoiner
FSP_V3_Production,dbo,ReservationTypeToPreflightAuthorizingUsersJoiner,UserGuid,FSP_V3_Production,dbo,PK_ReservationTypeToPreflightAuthorizingUsersJoiner
FSP_V3_Production,dbo,SalesTransactionLineItems,_RowNumber,FSP_V3_Production,dbo,PK_SalesTransactionLineItems
FSP_V3_Production,dbo,SalesTransactionLineItemsDeleted,_RowNumber,FSP_V3_Production,dbo,PK_SalesTransactionLineItemsDeleted
FSP_V3_Production,dbo,SalesTransactionPayments,_RowNumber,FSP_V3_Production,dbo,PK_SalesTransactionPayments
FSP_V3_Production,dbo,SalesTransactionPaymentsDeleted,_RowNumber,FSP_V3_Production,dbo,PK_SalesTransactionPaymentsDeleted
FSP_V3_Production,dbo,SalesTransactionPaymentsTowardInvoices,_RowNumber,FSP_V3_Production,dbo,PK_SalesTransactionPaymentsTowardInvoices
FSP_V3_Production,dbo,SalesTransactionResources,_RowNumber,FSP_V3_Production,dbo,PK_SalesTransactionResources
FSP_V3_Production,dbo,SalesTransactions,_RowNumber,FSP_V3_Production,dbo,PK_SalesTransactions
FSP_V3_Production,dbo,SalesTransactionsDeleted,_RowNumber,FSP_V3_Production,dbo,PK_SalesTransactionsDeleted
FSP_V3_Production,dbo,SalesTransactionSeeds,_RowNumber,FSP_V3_Production,dbo,PK_SalesTransactionSeeds
FSP_V3_Production,dbo,SalesTransactionPaymentsStarted,_RowNumber,FSP_V3_Production,dbo,PK_SalesTransactionsPaymentsStarted
FSP_V3_Production,dbo,SalesTransactionTrainingSessions,_RowNumber,FSP_V3_Production,dbo,PK_SalesTransactionTrainingSessions
FSP_V3_Production,dbo,SalesTransactionTrainingSessionsDeleted,_RowNumber,FSP_V3_Production,dbo,PK_SalesTransactionTrainingSessionsDeleted
FSP_V3_Production,dbo,ScheduleAvailabilities,AvailabilityId,FSP_V3_Production,dbo,PK_ScheduleAvailabilities
FSP_V3_Production,dbo,ScheduleMatchUserPreferences,PreferenceId,FSP_V3_Production,dbo,PK_ScheduleMatchUserPreferences
FSP_V3_Production,dbo,ScheduleMatchUserPreferencesToAircraftJoiner,SMUserPrefToResourceId,FSP_V3_Production,dbo,PK_ScheduleMatchUserPreferencesToAircraftJoiner
FSP_V3_Production,dbo,ScheduleMatchUserPreferencesToFlightInstructorJoiner,SMUserPrefToInstructorId,FSP_V3_Production,dbo,PK_ScheduleMatchUserPreferencesToFlightInstructorJoiner
FSP_V3_Production,dbo,ScheduleMatchUserPreferencesToSchedulingGroupsJoiner,SMUserPrefToSchedulingGroupId,FSP_V3_Production,dbo,PK_ScheduleMatchUserPreferencesToSchedulingGroupsJoiner
FSP_V3_Production,dbo,ScheduleAvailabilityOverrides,OverrideId,FSP_V3_Production,dbo,PK_ScheduleStudentTimeOffOn
FSP_V3_Production,dbo,SchedulingGroups,_RowNumber,FSP_V3_Production,dbo,PK_SchedulingGroups
FSP_V3_Production,dbo,SchemaVersions,Id,FSP_V3_Production,dbo,PK_SchemaVersions_Id
FSP_V3_Production,dbo,SearchLogs,SearchId,FSP_V3_Production,dbo,PK_SearchLog
FSP_V3_Production,dbo,SessionsAudits,_RowId,FSP_V3_Production,dbo,PK_SessionsAudits
FSP_V3_Production,dbo,Snippets,SnippetId,FSP_V3_Production,dbo,PK_Snippets
FSP_V3_Production,dbo,SsoConfigurations,SsoConfigurationId,FSP_V3_Production,dbo,PK_SsoConfigurations
FSP_V3_Production,dbo,stats-GlobalUser,_RowId,FSP_V3_Production,dbo,PK_stats-GlobalUser
FSP_V3_Production,dbo,TaxReferences,_RowNumber,FSP_V3_Production,dbo,PK_TaxReferences
FSP_V3_Production,dbo,tblAccountingApplications,Id,FSP_V3_Production,dbo,PK_tblAccountingApplications
FSP_V3_Production,dbo,tblAddress,AddressId,FSP_V3_Production,dbo,PK_tblAddress
FSP_V3_Production,dbo,tblAddressFormat,CountryId,FSP_V3_Production,dbo,PK_tblAddressFormat
FSP_V3_Production,dbo,tblAddressParts,AddressPartId,FSP_V3_Production,dbo,PK_tblAddressParts
FSP_V3_Production,dbo,tblAddressPartsType,AddressPartsTypeId,FSP_V3_Production,dbo,PK_tblAddressPartsType
FSP_V3_Production,dbo,tblAdminStats,RowCounter,FSP_V3_Production,dbo,PK_tblAdminStats
FSP_V3_Production,dbo,tblAircraft,AircraftId,FSP_V3_Production,dbo,PK_tblAircraft
FSP_V3_Production,dbo,tblAircraft_AircraftGroupJoiner,AircraftGroupId,FSP_V3_Production,dbo,PK_tblAircraft_AircraftGroupJoiner
FSP_V3_Production,dbo,tblAircraft_AircraftGroupJoiner,AircraftId,FSP_V3_Production,dbo,PK_tblAircraft_AircraftGroupJoiner
FSP_V3_Production,dbo,tblAircraftCategoryJoiner,AircraftId,FSP_V3_Production,dbo,PK_tblAircraftCategoryJoiner
FSP_V3_Production,dbo,tblAircraftCategoryJoiner,CategoryId,FSP_V3_Production,dbo,PK_tblAircraftCategoryJoiner
FSP_V3_Production,dbo,tblAircraftDescriptions,AircraftId,FSP_V3_Production,dbo,PK_tblAircraftDescriptions
FSP_V3_Production,dbo,tblAircraftEngineJoiner,AircraftId,FSP_V3_Production,dbo,PK_tblAircraftEngineJoiner
FSP_V3_Production,dbo,tblAircraftEngineJoiner,EngineCount,FSP_V3_Production,dbo,PK_tblAircraftEngineJoiner
FSP_V3_Production,dbo,tblAircraftEngineJoiner,EngineId,FSP_V3_Production,dbo,PK_tblAircraftEngineJoiner
FSP_V3_Production,dbo,tblAircraftGroups,AircraftGroupId,FSP_V3_Production,dbo,PK_tblAircraftGroups
FSP_V3_Production,dbo,tblAircraftImages,AircraftId,FSP_V3_Production,dbo,PK_tblAircraftImages
FSP_V3_Production,dbo,tblAircraftMakes,AircraftMakeId,FSP_V3_Production,dbo,PK_tblAircraftMakes
FSP_V3_Production,dbo,tblAircraftModels,AircraftModelId,FSP_V3_Production,dbo,PK_tblAircraftModels
FSP_V3_Production,dbo,tblAircraftRatingsCertsEndorsements,AircraftId,FSP_V3_Production,dbo,PK_tblAircraftRatingsCertsEndorsements
FSP_V3_Production,dbo,tblAircraftTach,AircraftId,FSP_V3_Production,dbo,PK_tblAircraftTach
FSP_V3_Production,dbo,tblAircraftTach,TachCount,FSP_V3_Production,dbo,PK_tblAircraftTach
FSP_V3_Production,dbo,tblAircraftTypeCheckOuts,AircraftMakeId,FSP_V3_Production,dbo,PK_tblAircraftTypeCheckOuts
FSP_V3_Production,dbo,tblAircraftTypeCheckOuts,AircraftModelId,FSP_V3_Production,dbo,PK_tblAircraftTypeCheckOuts
FSP_V3_Production,dbo,tblAircraftTypeCheckOuts,PilotId,FSP_V3_Production,dbo,PK_tblAircraftTypeCheckOuts
FSP_V3_Production,dbo,tblAircraftVSpeeds,AircraftId,FSP_V3_Production,dbo,PK_tblAircraftVSpeeds
FSP_V3_Production,dbo,tblAttachments,AttachmentId,FSP_V3_Production,dbo,PK_tblAttachments
FSP_V3_Production,dbo,tblAuditEvents,EventId,FSP_V3_Production,dbo,PK_tblAuditEvents
FSP_V3_Production,dbo,tblAuditEventTypes,EventTypeId,FSP_V3_Production,dbo,PK_tblAuditEventTypes
FSP_V3_Production,dbo,tblAustraliaStates,Abbreviation,FSP_V3_Production,dbo,PK_tblAustraliaStates
FSP_V3_Production,dbo,tblBillingStats,Id,FSP_V3_Production,dbo,PK_tblBillingStats
FSP_V3_Production,dbo,tblBusinessTypes,Id,FSP_V3_Production,dbo,PK_tblBusinessTypes
FSP_V3_Production,dbo,tblCancellationRequests,_RowNumber,FSP_V3_Production,dbo,PK_tblCancellationRequests
FSP_V3_Production,dbo,tblCharSets,Id,FSP_V3_Production,dbo,PK_tblCharSets
FSP_V3_Production,dbo,tblCodePageIds,id,FSP_V3_Production,dbo,PK_tblCodePageIds
FSP_V3_Production,dbo,tblCompany,Id,FSP_V3_Production,dbo,PK_tblCompany
FSP_V3_Production,dbo,tblCompanyAddressJoiner,AddressTypeId,FSP_V3_Production,dbo,PK_tblCompanyAddressJoiner
FSP_V3_Production,dbo,tblCompanyAddressJoiner,CompanyId,FSP_V3_Production,dbo,PK_tblCompanyAddressJoiner
FSP_V3_Production,dbo,tblCompanyBusinessTypeJoiner,BusinessTypeId,FSP_V3_Production,dbo,PK_tblCompanyBusinessTypeJoiner
FSP_V3_Production,dbo,tblCompanyBusinessTypeJoiner,CompanyId,FSP_V3_Production,dbo,PK_tblCompanyBusinessTypeJoiner
FSP_V3_Production,dbo,tblCompanyEmailHeaderImages,Id,FSP_V3_Production,dbo,PK_tblCompanyEmailHeaderImages
FSP_V3_Production,dbo,tblCompanyEmailJoiner,CompanyId,FSP_V3_Production,dbo,PK_tblCompanyEmailJoiner
FSP_V3_Production,dbo,tblCompanyEmailJoiner,EmailId,FSP_V3_Production,dbo,PK_tblCompanyEmailJoiner
FSP_V3_Production,dbo,tblCompanyEmailJoiner,EmailTypeId,FSP_V3_Production,dbo,PK_tblCompanyEmailJoiner
FSP_V3_Production,dbo,tblCompanyGalleries,Id,FSP_V3_Production,dbo,PK_tblCompanyGalleries
FSP_V3_Production,dbo,tblCompanyGalleryImages,Id,FSP_V3_Production,dbo,PK_tblCompanyGalleryImages
FSP_V3_Production,dbo,tblCompanyGatewayHeaders,id,FSP_V3_Production,dbo,PK_tblCompanyGatewayHeaders
FSP_V3_Production,dbo,tblCompanyLogos,Id,FSP_V3_Production,dbo,PK_tblCompanyLogos
FSP_V3_Production,dbo,tblCompanyPlugInModuleJoiner,CompanyId,FSP_V3_Production,dbo,PK_tblCompanyModuleJoiner
FSP_V3_Production,dbo,tblCompanyPlugInModuleJoiner,PlugInModuleId,FSP_V3_Production,dbo,PK_tblCompanyModuleJoiner
FSP_V3_Production,dbo,tblCompanyOptOutEmails,CompanyId,FSP_V3_Production,dbo,PK_tblCompanyOptOutEmails
FSP_V3_Production,dbo,tblCompanyOptOutEmails,EmailId,FSP_V3_Production,dbo,PK_tblCompanyOptOutEmails
FSP_V3_Production,dbo,tblCompanyToProductNicheJoiner,CompanyId,FSP_V3_Production,dbo,PK_tblCompanyToProductNicheJoiner
FSP_V3_Production,dbo,tblCompanyToProductNicheJoiner,ProductNicheId,FSP_V3_Production,dbo,PK_tblCompanyToProductNicheJoiner
FSP_V3_Production,dbo,tblContactNumbers,Id,FSP_V3_Production,dbo,PK_tblContactNumbers
FSP_V3_Production,dbo,tblContactNumberTypes,Id,FSP_V3_Production,dbo,PK_tblContactNumberTypes
FSP_V3_Production,dbo,tblCultures,id,FSP_V3_Production,dbo,PK_tblCultures
FSP_V3_Production,dbo,tblCustomerTerms,Id,FSP_V3_Production,dbo,PK_tblCustomerTerms
FSP_V3_Production,dbo,tblCustomResource,CustomResourceId,FSP_V3_Production,dbo,PK_tblCustomResource
FSP_V3_Production,dbo,tblCustomResourceTypeRoleJoiner,CustomResourceTypeId,FSP_V3_Production,dbo,PK_tblCustomResourceRoleJoiner
FSP_V3_Production,dbo,tblCustomResourceTypeRoleJoiner,RoleId,FSP_V3_Production,dbo,PK_tblCustomResourceRoleJoiner
FSP_V3_Production,dbo,tblCustomResourceType,CustomResourceTypeId,FSP_V3_Production,dbo,PK_tblCustomResourceType
FSP_V3_Production,dbo,tblCustomScheduleViews,Id,FSP_V3_Production,dbo,PK_tblCustomScheduleViews
FSP_V3_Production,dbo,tblDispatchPilots,DispatchId,FSP_V3_Production,dbo,PK_tblDispatchPilots
FSP_V3_Production,dbo,tblDispatchPilots,PilotId,FSP_V3_Production,dbo,PK_tblDispatchPilots
FSP_V3_Production,dbo,tblDispatchRecords,Id,FSP_V3_Production,dbo,PK_tblDispatchRecords
FSP_V3_Production,dbo,tblDispatchResources,DispatchId,FSP_V3_Production,dbo,PK_tblDispatchResources
FSP_V3_Production,dbo,tblDispatchResources,ItemId,FSP_V3_Production,dbo,PK_tblDispatchResources
FSP_V3_Production,dbo,tblEmailAddresses,Id,FSP_V3_Production,dbo,PK_tblEmailAddresses
FSP_V3_Production,dbo,tblEmailNotifications,Id,FSP_V3_Production,dbo,PK_tblEmailNotifications
FSP_V3_Production,dbo,tblEmailTypes,Id,FSP_V3_Production,dbo,PK_tblEmailTypes
FSP_V3_Production,dbo,tblEngine,EngineId,FSP_V3_Production,dbo,PK_tblEngine
FSP_V3_Production,dbo,tblEnginePropellerJoiner,EngineId,FSP_V3_Production,dbo,PK_tblEnginePropellerJoiner
FSP_V3_Production,dbo,tblEnginePropellerJoiner,PropellerId,FSP_V3_Production,dbo,PK_tblEnginePropellerJoiner
FSP_V3_Production,dbo,tblFlightEquipment,EquipmentId,FSP_V3_Production,dbo,PK_tblFlightEquipment
FSP_V3_Production,dbo,tblFlightInstructorLocationJoiner,FlightInstructorId,FSP_V3_Production,dbo,PK_tblFlightInstructorLocationJoiner
FSP_V3_Production,dbo,tblFlightInstructorLocationJoiner,LocationId,FSP_V3_Production,dbo,PK_tblFlightInstructorLocationJoiner
FSP_V3_Production,dbo,tblFlightInstructor,InstructorId,FSP_V3_Production,dbo,PK_tblFlightInstructors
FSP_V3_Production,dbo,tblFlightInstructorSchedule,CompanyId,FSP_V3_Production,dbo,PK_tblFlightInstructorSchedule
FSP_V3_Production,dbo,tblFlightInstructorSchedule,DayOfWeek,FSP_V3_Production,dbo,PK_tblFlightInstructorSchedule
FSP_V3_Production,dbo,tblFlightInstructorSchedule,InstructorId,FSP_V3_Production,dbo,PK_tblFlightInstructorSchedule
FSP_V3_Production,dbo,tblFlightInstructorSchedule,ShiftStart,FSP_V3_Production,dbo,PK_tblFlightInstructorSchedule
FSP_V3_Production,dbo,tblFlightInstructorScheduleAdjustments,AdjustmentId,FSP_V3_Production,dbo,PK_tblFlightInstructorScheduleAdjustments
FSP_V3_Production,dbo,tblFlightInstructorScheduleAdjustmentsInfo,RecurringId,FSP_V3_Production,dbo,PK_tblFlightInstructorScheduleAdjustmentsInfo
FSP_V3_Production,dbo,tblFlightRecord,FlightRecordId,FSP_V3_Production,dbo,PK_tblFlightRecord
FSP_V3_Production,dbo,tblFlightRecordInstructionTimes,FlightRecordId,FSP_V3_Production,dbo,PK_tblFlightRecordInstructionTimes
FSP_V3_Production,dbo,tblFlightRecordInstructionTimes,InstructionTypeId,FSP_V3_Production,dbo,PK_tblFlightRecordInstructionTimes
FSP_V3_Production,dbo,tblFlightRecordInstructionTimes,OperatorId,FSP_V3_Production,dbo,PK_tblFlightRecordInstructionTimes
FSP_V3_Production,dbo,tblFlightRecordResources,FlightRecordId,FSP_V3_Production,dbo,PK_tblFlightRecordResources
FSP_V3_Production,dbo,tblFlightRecordResources,ItemId,FSP_V3_Production,dbo,PK_tblFlightRecordResources
FSP_V3_Production,dbo,tblLogBookEntries,LogbookEntryId,FSP_V3_Production,dbo,PK_tblFlightRecords
FSP_V3_Production,dbo,tblFlightSimulator,FlightSimulatorId,FSP_V3_Production,dbo,PK_tblFlightSimulator
FSP_V3_Production,dbo,tblFlightSimulatorTypes,FlightSimulatorTypeId,FSP_V3_Production,dbo,PK_tblFlightSimulatorTypes
FSP_V3_Production,dbo,tblGatewayPagesText,CompanyId,FSP_V3_Production,dbo,PK_tblGatewayPagesText
FSP_V3_Production,dbo,tblInvoiceImages,id,FSP_V3_Production,dbo,PK_tblInvoiceImages
FSP_V3_Production,dbo,tblInvoicingInvoice,InvoiceId,FSP_V3_Production,dbo,PK_tblInvoicingInvoice
FSP_V3_Production,dbo,tblInvoicingInvoiceLineItem,InvoiceId,FSP_V3_Production,dbo,PK_tblInvoicingInvoiceLineItem
FSP_V3_Production,dbo,tblInvoicingInvoiceLineItem,Sequence,FSP_V3_Production,dbo,PK_tblInvoicingInvoiceLineItem
FSP_V3_Production,dbo,tblInvoicingLineItemAircraftFuelRateTypes,_RowNumber,FSP_V3_Production,dbo,PK_tblInvoicingLineItemAircraftFuelRateTypes
FSP_V3_Production,dbo,tblInvoicingLineItemAircraftRates,_RowNumber,FSP_V3_Production,dbo,PK_tblInvoicingLineItemAircraftRates
FSP_V3_Production,dbo,tblInvoicingLineItemInstructionRates,_RowNumber,FSP_V3_Production,dbo,PK_tblInvoicingLineItemInstructionRates
FSP_V3_Production,dbo,tblInvoicingLineItems,LineItemId,FSP_V3_Production,dbo,PK_tblInvoicingLineItems
FSP_V3_Production,dbo,tblInvoicingLineItemTaxJoiner,LineItemId,FSP_V3_Production,dbo,PK_tblInvoicingLineItemTaxJoiner
FSP_V3_Production,dbo,tblInvoicingLineItemTaxJoiner,TaxId,FSP_V3_Production,dbo,PK_tblInvoicingLineItemTaxJoiner
FSP_V3_Production,dbo,tblInvoicingPayments,PaymentId,FSP_V3_Production,dbo,PK_tblInvoicingPayments
FSP_V3_Production,dbo,tblInvoicingPreferences,CompanyId,FSP_V3_Production,dbo,PK_tblInvoicingPreferences
FSP_V3_Production,dbo,tblInvoicingTaxes,TaxId,FSP_V3_Production,dbo,PK_tblInvoicingTaxes
FSP_V3_Production,dbo,tblInvoicingTransactions,RowId,FSP_V3_Production,dbo,PK_tblInvoicingTransactions_1
FSP_V3_Production,dbo,tblLinkCategories,Id,FSP_V3_Production,dbo,PK_tblLinkCategories
FSP_V3_Production,dbo,tblLinks,Id,FSP_V3_Production,dbo,PK_tblLinks
FSP_V3_Production,dbo,tblLocations,Id,FSP_V3_Production,dbo,PK_tblLocations
FSP_V3_Production,dbo,tblLocationToCompanyJoiner,CompanyId,FSP_V3_Production,dbo,PK_tblLocationToCompanyJoiner
FSP_V3_Production,dbo,tblLocationToCompanyJoiner,LocationId,FSP_V3_Production,dbo,PK_tblLocationToCompanyJoiner
FSP_V3_Production,dbo,tblLocationToPersonJoiner,LocationId,FSP_V3_Production,dbo,PK_tblLocationToPersonJoiner
FSP_V3_Production,dbo,tblLocationToPersonJoiner,PersonId,FSP_V3_Production,dbo,PK_tblLocationToPersonJoiner
FSP_V3_Production,dbo,tblMaintenanceReminders,ReminderId,FSP_V3_Production,dbo,PK_tblMaintenanceReminders
FSP_V3_Production,dbo,tblMeterRecords,MeterRecordId,FSP_V3_Production,dbo,PK_tblMeterRecords
FSP_V3_Production,dbo,tblPlugInModule,PlugInModuleId,FSP_V3_Production,dbo,PK_tblModule
FSP_V3_Production,dbo,tblNewsletterCounts,_RowNumber,FSP_V3_Production,dbo,PK_tblNewsletterCounts
FSP_V3_Production,dbo,tblNumberOfAircraftSegmentation,id,FSP_V3_Production,dbo,PK_tblNumberOfAircraftSegmentation
FSP_V3_Production,dbo,tblNumberOfEmployeeSegmentation,id,FSP_V3_Production,dbo,PK_tblNumberOfEmployeeSegmentation
FSP_V3_Production,dbo,tblNumberOfInstructorsSegmentation,id,FSP_V3_Production,dbo,PK_tblNumberOfInstructorsSegmentation
FSP_V3_Production,dbo,tblNumberOfMechanicsSegmentation,id,FSP_V3_Production,dbo,PK_tblNumberOfMechanicsSegmentation
FSP_V3_Production,dbo,tblNumberOfUsersSegmentation,id,FSP_V3_Production,dbo,PK_tblNumberOfUsersSegmentation
FSP_V3_Production,dbo,tblPaymentInformation,SourceId,FSP_V3_Production,dbo,PK_tblPaymentInformation
FSP_V3_Production,dbo,tblPermission,PermissionTypeId,FSP_V3_Production,dbo,PK_tblPermission
FSP_V3_Production,dbo,tblPermission,PermissionValue,FSP_V3_Production,dbo,PK_tblPermission
FSP_V3_Production,dbo,tblPermissionType,PermissionTypeId,FSP_V3_Production,dbo,PK_tblPermissionType
FSP_V3_Production,dbo,tblPerson,PersonId,FSP_V3_Production,dbo,PK_tblPerson
FSP_V3_Production,dbo,tblPersonAddressJoiner,AddressId,FSP_V3_Production,dbo,PK_tblPersonAddressJoiner
FSP_V3_Production,dbo,tblPersonAddressJoiner,AddressTypeId,FSP_V3_Production,dbo,PK_tblPersonAddressJoiner
FSP_V3_Production,dbo,tblPersonAddressJoiner,PersonId,FSP_V3_Production,dbo,PK_tblPersonAddressJoiner
FSP_V3_Production,dbo,tblPersonEmailJoiner,EmailId,FSP_V3_Production,dbo,PK_tblPersonEmailJoiner
FSP_V3_Production,dbo,tblPersonEmailJoiner,EmailTypeId,FSP_V3_Production,dbo,PK_tblPersonEmailJoiner
FSP_V3_Production,dbo,tblPersonEmailJoiner,PersonId,FSP_V3_Production,dbo,PK_tblPersonEmailJoiner
FSP_V3_Production,dbo,tblPersonPictures,id,FSP_V3_Production,dbo,PK_tblPersonPictures
FSP_V3_Production,dbo,tblPersonToContactNumberJoiner,ContactNumberId,FSP_V3_Production,dbo,PK_tblPersonToContactNumberJoiner
FSP_V3_Production,dbo,tblPersonToContactNumberJoiner,ContactNumberType,FSP_V3_Production,dbo,PK_tblPersonToContactNumberJoiner
FSP_V3_Production,dbo,tblPersonToContactNumberJoiner,PersonId,FSP_V3_Production,dbo,PK_tblPersonToContactNumberJoiner
FSP_V3_Production,dbo,tblPersontoUserJoiner,PersonId,FSP_V3_Production,dbo,PK_tblPersontoUserJoiner
FSP_V3_Production,dbo,tblPersontoUserJoiner,UserId,FSP_V3_Production,dbo,PK_tblPersontoUserJoiner
FSP_V3_Production,dbo,tblPilot,PilotId,FSP_V3_Production,dbo,PK_tblPilot
FSP_V3_Production,dbo,tblPilot_PilotCurrencyRemindersJoiner,CompanyId,FSP_V3_Production,dbo,PK_tblPilot_PilotCurrencyRemindersJoiner
FSP_V3_Production,dbo,tblPilot_PilotCurrencyRemindersJoiner,PilotId,FSP_V3_Production,dbo,PK_tblPilot_PilotCurrencyRemindersJoiner
FSP_V3_Production,dbo,tblPilot_PilotCurrencyRemindersJoiner,ReminderId,FSP_V3_Production,dbo,PK_tblPilot_PilotCurrencyRemindersJoiner
FSP_V3_Production,dbo,tblPilotCertificate,PilotId,FSP_V3_Production,dbo,PK_tblPilotCertificate
FSP_V3_Production,dbo,tblPilotCurrencyItems,Id,FSP_V3_Production,dbo,PK_tblPilotCurrencyItems
FSP_V3_Production,dbo,tblPilotCurrencyReminders,Id,FSP_V3_Production,dbo,PK_tblPilotCurrencyReminders
FSP_V3_Production,dbo,tblPilotCurrencyTypes,Id,FSP_V3_Production,dbo,PK_tblPilotCurrencyTypes
FSP_V3_Production,dbo,tblPilotEndorsements,EndorsementId,FSP_V3_Production,dbo,PK_tblPilotEndorsements
FSP_V3_Production,dbo,tblPilotInsuranceInfo,PilotId,FSP_V3_Production,dbo,PK_tblPilotInsuranceInfo
FSP_V3_Production,dbo,tblPilotPilotEndorsementsJoiner,EndorsementId,FSP_V3_Production,dbo,PK_tblPilotPilotEndorsementsJoiner
FSP_V3_Production,dbo,tblPilotPilotEndorsementsJoiner,PilotId,FSP_V3_Production,dbo,PK_tblPilotPilotEndorsementsJoiner
FSP_V3_Production,dbo,tblPilotPilotRatingsJoiner,PilotId,FSP_V3_Production,dbo,PK_tblPilotPilotRatingsJoiner
FSP_V3_Production,dbo,tblPilotPilotRatingsJoiner,RatingId,FSP_V3_Production,dbo,PK_tblPilotPilotRatingsJoiner
FSP_V3_Production,dbo,tblPilotPilotTypesJoiner,PilotId,FSP_V3_Production,dbo,PK_tblPilotPilotTypesJoiner
FSP_V3_Production,dbo,tblPilotPilotTypesJoiner,PilotTypeId,FSP_V3_Production,dbo,PK_tblPilotPilotTypesJoiner
FSP_V3_Production,dbo,tblPilotRatings,RatingId,FSP_V3_Production,dbo,PK_tblPilotRatings
FSP_V3_Production,dbo,tblPilotTSADocuments,TSADocumentId,FSP_V3_Production,dbo,PK_tblPilotTSADocuments
FSP_V3_Production,dbo,tblPilotTSAVerification,PilotId,FSP_V3_Production,dbo,PK_tblPilotTSAVerification
FSP_V3_Production,dbo,tblPilotTypes,PilotTypeId,FSP_V3_Production,dbo,PK_tblPilotTypes
FSP_V3_Production,dbo,tblPostItemRoleIds,Id,FSP_V3_Production,dbo,PK_tblPostItemRoleIds
FSP_V3_Production,dbo,tblPostItems,ID,FSP_V3_Production,dbo,PK_tblPostItems
FSP_V3_Production,dbo,tblPreferences,SourceId,FSP_V3_Production,dbo,PK_tblPreferences
FSP_V3_Production,dbo,tblPreferences,SourceTypeId,FSP_V3_Production,dbo,PK_tblPreferences
FSP_V3_Production,dbo,tblPreferencesGUID,SourceId,FSP_V3_Production,dbo,PK_tblPreferencesGUID
FSP_V3_Production,dbo,tblPreferencesGUID,SourceTypeId,FSP_V3_Production,dbo,PK_tblPreferencesGUID
FSP_V3_Production,dbo,tblPreLoadedACMakes,Make,FSP_V3_Production,dbo,PK_tblPreLoadedACMakes
FSP_V3_Production,dbo,tblPreLoadedACModels,Model,FSP_V3_Production,dbo,PK_tblPreLoadedACModels
FSP_V3_Production,dbo,tblPricingPromoText,Id,FSP_V3_Production,dbo,PK_tblPricingPromoText
FSP_V3_Production,dbo,tblProductNiches,ProductNicheId,FSP_V3_Production,dbo,PK_tblProductNiches
FSP_V3_Production,dbo,tblProducts,ID,FSP_V3_Production,dbo,PK_tblProducts
FSP_V3_Production,dbo,tblPropeller,PropellerId,FSP_V3_Production,dbo,PK_tblPropeller
FSP_V3_Production,dbo,tblProvinces,Abbreviation,FSP_V3_Production,dbo,PK_tblProvinces
FSP_V3_Production,dbo,tblReflectionTypes,ReflectionTypeId,FSP_V3_Production,dbo,PK_tblReflectionTypes
FSP_V3_Production,dbo,tblRemovedReservation,ReservationId,FSP_V3_Production,dbo,PK_tblRemovedReservation
FSP_V3_Production,dbo,tblRemovedReservationFlightDetails,ReservationId,FSP_V3_Production,dbo,PK_tblRemovedReservationFlightDetails
FSP_V3_Production,dbo,tblRemovedReservationFlightLegs,Counter,FSP_V3_Production,dbo,PK_tblRemovedReservationFlightLegs
FSP_V3_Production,dbo,tblRemovedReservationPilots,PilotId,FSP_V3_Production,dbo,PK_tblRemovedReservationPilots
FSP_V3_Production,dbo,tblRemovedReservationPilots,ReservationId,FSP_V3_Production,dbo,PK_tblRemovedReservationPilots
FSP_V3_Production,dbo,tblRemovedReservationResources,ItemId,FSP_V3_Production,dbo,PK_tblRemovedReservationResources
FSP_V3_Production,dbo,tblRemovedReservationResources,ReservationId,FSP_V3_Production,dbo,PK_tblRemovedReservationResources
FSP_V3_Production,dbo,tblReservation,ReservationId,FSP_V3_Production,dbo,PK_tblReservation
FSP_V3_Production,dbo,tblReservationFlightDetails,ReservationId,FSP_V3_Production,dbo,PK_tblReservationFlightDetails
FSP_V3_Production,dbo,tblReservationFlightLegs,Counter,FSP_V3_Production,dbo,PK_tblReservationFlightLegs
FSP_V3_Production,dbo,tblReservationNotifications,NotificationType,FSP_V3_Production,dbo,PK_tblReservationNotifications
FSP_V3_Production,dbo,tblReservationNotifications,ReservationId,FSP_V3_Production,dbo,PK_tblReservationNotifications
FSP_V3_Production,dbo,tblReservationPilots,PilotId,FSP_V3_Production,dbo,PK_tblReservationPilots
FSP_V3_Production,dbo,tblReservationPilots,ReservationId,FSP_V3_Production,dbo,PK_tblReservationPilots
FSP_V3_Production,dbo,tblReservationRecurringInfo,RecurringId,FSP_V3_Production,dbo,PK_tblReservationRecurringInfo
FSP_V3_Production,dbo,tblReservationResources,ItemId,FSP_V3_Production,dbo,PK_tblReservationResources
FSP_V3_Production,dbo,tblReservationResources,ReservationId,FSP_V3_Production,dbo,PK_tblReservationResources
FSP_V3_Production,dbo,tblReservationTypes,ReservationTypeId,FSP_V3_Production,dbo,PK_tblReservationTypes
FSP_V3_Production,dbo,tblResourceLineItemJoiner,ResourceId,FSP_V3_Production,dbo,PK_tblResourceLineItemJoiner
FSP_V3_Production,dbo,tblRole,RoleId,FSP_V3_Production,dbo,PK_tblRole
FSP_V3_Production,dbo,tblRoleActionJoiner,RoleActionId,FSP_V3_Production,dbo,PK_tblRoleActionJoiner
FSP_V3_Production,dbo,tblRoleActionJoiner,RoleId,FSP_V3_Production,dbo,PK_tblRoleActionJoiner
FSP_V3_Production,dbo,tblRoleActions,Id,FSP_V3_Production,dbo,PK_tblRoleActions
FSP_V3_Production,dbo,tblRolePermissionJoiner,PermissionId,FSP_V3_Production,dbo,PK_tblRolePermissionJoiner
FSP_V3_Production,dbo,tblRolePermissionJoiner,PermissionTypeId,FSP_V3_Production,dbo,PK_tblRolePermissionJoiner
FSP_V3_Production,dbo,tblRolePermissionJoiner,RoleId,FSP_V3_Production,dbo,PK_tblRolePermissionJoiner
FSP_V3_Production,dbo,tblScheduleableJobs,JobId,FSP_V3_Production,dbo,PK_tblScheduleableJobs
FSP_V3_Production,dbo,tblScheduleableJobsExecutions,RunId,FSP_V3_Production,dbo,PK_tblScheduleableJobsExecutions
FSP_V3_Production,dbo,tblSecretQuestions,Id,FSP_V3_Production,dbo,PK_tblSecretQuestions
FSP_V3_Production,dbo,tblServiceOrders,ServiceOrderId,FSP_V3_Production,dbo,PK_tblServiceOrders
FSP_V3_Production,dbo,tblSquawk,Id,FSP_V3_Production,dbo,PK_tblSquawk
FSP_V3_Production,dbo,tblStaffPilotLocationJoiner,Counter,FSP_V3_Production,dbo,PK_tblStaffPilotLocationJoiner
FSP_V3_Production,dbo,tblStaffPilots,Counter,FSP_V3_Production,dbo,PK_tblStaffPilots
FSP_V3_Production,dbo,tblStandardFlightRecord,FlightRecordId,FSP_V3_Production,dbo,PK_tblStandardFlightRecord
FSP_V3_Production,dbo,tblStates,Abbreviation,FSP_V3_Production,dbo,PK_tblStates
FSP_V3_Production,dbo,tblSupportFeedback,Id,FSP_V3_Production,dbo,PK_tblSupportFeedback
FSP_V3_Production,dbo,tblSystemAlert,_RowNumber,FSP_V3_Production,dbo,PK_tblSystemAlert
FSP_V3_Production,dbo,tblThemes,ID,FSP_V3_Production,dbo,PK_tblThemes
FSP_V3_Production,dbo,tblTimeZones,Id,FSP_V3_Production,dbo,PK_tblTimeZones
FSP_V3_Production,dbo,tblUICultures,Id,FSP_V3_Production,dbo,PK_tblUICultures
FSP_V3_Production,dbo,tblUKCounties,Abbreviation,FSP_V3_Production,dbo,PK_tblUKCounties
FSP_V3_Production,dbo,tblUserAggregation,ExternalUserId,FSP_V3_Production,dbo,PK_tblUserAggregation
FSP_V3_Production,dbo,tblUserAggregation,UserGuidId,FSP_V3_Production,dbo,PK_tblUserAggregation
FSP_V3_Production,dbo,tblUserDataStore,Counter,FSP_V3_Production,dbo,PK_tblUserDataStore
FSP_V3_Production,dbo,tblUserOptInEmails,CompanyId,FSP_V3_Production,dbo,PK_tblUserOptInEmails
FSP_V3_Production,dbo,tblUserOptInEmails,EmailId,FSP_V3_Production,dbo,PK_tblUserOptInEmails
FSP_V3_Production,dbo,tblUserOptInEmails,UserId,FSP_V3_Production,dbo,PK_tblUserOptInEmails
FSP_V3_Production,dbo,tblUserPermissionJoiner,CompanyId,FSP_V3_Production,dbo,PK_tblUserPermissionJoiner
FSP_V3_Production,dbo,tblUserPermissionJoiner,PermissionId,FSP_V3_Production,dbo,PK_tblUserPermissionJoiner
FSP_V3_Production,dbo,tblUserPermissionJoiner,PermissionTypeId,FSP_V3_Production,dbo,PK_tblUserPermissionJoiner
FSP_V3_Production,dbo,tblUserPermissionJoiner,UserId,FSP_V3_Production,dbo,PK_tblUserPermissionJoiner
FSP_V3_Production,dbo,tblUserRoleJoiner,RoleId,FSP_V3_Production,dbo,PK_tblUserRoleJoiner
FSP_V3_Production,dbo,tblUserRoleJoiner,UserId,FSP_V3_Production,dbo,PK_tblUserRoleJoiner
FSP_V3_Production,dbo,tblUsers,UserName,FSP_V3_Production,dbo,PK_tblUsers
FSP_V3_Production,dbo,tblUserSchedule,Counter,FSP_V3_Production,dbo,PK_tblUserSchedule
FSP_V3_Production,dbo,tblUserScheduleAdjustments,Counter,FSP_V3_Production,dbo,PK_tblUserScheduleAdjustments
FSP_V3_Production,dbo,tblUserToCompanyJoiner,CompanyId,FSP_V3_Production,dbo,PK_tblUserToCompanyJoiner
FSP_V3_Production,dbo,tblUserToCompanyJoiner,UserId,FSP_V3_Production,dbo,PK_tblUserToCompanyJoiner
FSP_V3_Production,dbo,tblViewStateStorage,ViewStateId,FSP_V3_Production,dbo,PK_tblViewStateStorage
FSP_V3_Production,dbo,tblWindowsTimeZoneIndices,Index,FSP_V3_Production,dbo,PK_tblWindowsTimeZoneIndices
FSP_V3_Production,dbo,TSASecurityAwarenessTrainings,_RowId,FSP_V3_Production,dbo,PK_TSASecurityAwarenessTraining
FSP_V3_Production,dbo,TSASecurityAwarenessTrainingsHistory,_RowId,FSP_V3_Production,dbo,PK_TSASecurityAwarenessTrainingHistory
FSP_V3_Production,dbo,UserAgreements,UserAgreementId,FSP_V3_Production,dbo,PK_UserAgreements
FSP_V3_Production,dbo,UserEmailPreferences,OperatorId,FSP_V3_Production,dbo,PK_UserEmailPreferences
FSP_V3_Production,dbo,UserEmailPreferences,UserId,FSP_V3_Production,dbo,PK_UserEmailPreferences
